,BALANCE,BALANCE_FREQUENCY,PURCHASES,ONEOFF_PURCHASES,INSTALLMENTS_PURCHASES,CASH_ADVANCE,PURCHASES_FREQUENCY,ONEOFF_PURCHASES_FREQUENCY,PURCHASES_INSTALLMENTS_FREQUENCY,CASH_ADVANCE_FREQUENCY,CASH_ADVANCE_TRX,PURCHASES_TRX,CREDIT_LIMIT,PAYMENTS,MINIMUM_PAYMENTS,PRC_FULL_PAYMENT
count,8636.0,8636.0,8636.0,8636.0,8636.0,8636.0,8636.0,8636.0,8636.0,8636.0,8636.0,8636.0,8636.0,8636.0,8636.0,8636.0
mean,1601.2248927435155,0.895035111394164,1025.4338744789256,604.9014381658176,420.8435328855952,994.1755230371698,0.4960000002315886,0.20590874085224642,0.3688203456461325,0.13760420426123204,3.313918480778138,15.033232978230663,4522.091029563802,1784.4780992232515,864.3049429326077,0.15930362482630847
std,2095.571300190906,0.20769687576180676,2167.1079838703627,1684.3078031461976,917.2451824827339,2121.458302880023,0.4012726404248295,0.30005360655581653,0.3980929442148467,0.20179143060679328,6.912506117326347,25.18046839648743,3659.240379277939,2909.810090445678,2372.5663502582393,0.2962709094137959
min,0.0,0.0,0.0,0.0,0.0,0.0,0.0,0.0,0.0,0.0,0.0,0.0,50.0,0.049513,0.019163,0.0
25%,148.095189,0.909091,43.3675,0.0,0.0,0.0,0.083333,0.0,0.0,0.0,0.0,1.0,1600.0,418.55923725,169.1635455,0.0
50%,916.855459,1.0,375.405,44.995000000000005,94.785,0.0,0.5,0.083333,0.166667,0.0,0.0,7.0,3000.0,896.6757010000001,312.4522915,0.0
75%,2105.195853,1.0,1145.98,599.1,484.14750000000004,1132.38549,0.916667,0.333333,0.75,0.25,4.0,18.0,6500.0,1951.1420905,825.49646275,0.166667
max,19043.13856,1.0,49039.57,40761.25,22500.0,47137.211760000006,1.0,1.0,1.0,1.5,123.0,358.0,30000.0,50721.483360000006,76406.20752000001,1.0
